{
  "hash": "bd1e63a7",
  "configHash": "5dcdbfba",
  "lockfileHash": "6a2f3e57",
  "browserHash": "5c5b88ac",
  "optimized": {
    "@angular/core": {
      "src": "../../../../../../node_modules/@angular/core/fesm2022/core.mjs",
      "file": "@angular_core.js",
      "fileHash": "232f63db",
      "needsInterop": false
    },
    "@angular/platform-browser": {
      "src": "../../../../../../node_modules/@angular/platform-browser/fesm2022/platform-browser.mjs",
      "file": "@angular_platform-browser.js",
      "fileHash": "2c12e0a2",
      "needsInterop": false
    },
    "@angular/router": {
      "src": "../../../../../../node_modules/@angular/router/fesm2022/router.mjs",
      "file": "@angular_router.js",
      "fileHash": "3351d1f0",
      "needsInterop": false
    }
  },
  "chunks": {
    "chunk-TUBEI5TF": {
      "file": "chunk-TUBEI5TF.js"
    },
    "chunk-3QOFSQBY": {
      "file": "chunk-3QOFSQBY.js"
    }
  }
}